<?xml version="1.0" encoding="UTF-8"?>
<project-private xmlns="http://www.netbeans.org/ns/project-private/1">
    <editor-bookmarks xmlns="http://www.netbeans.org/ns/editor-bookmarks/2" lastBookmarkId="0"/>
    <open-files xmlns="http://www.netbeans.org/ns/projectui-open-files/2">
        <group>
            <file>file:/E:/SEMESTER%207/OKH/FP/Ant-Colony-Optimization-for-the-Traveling-Salesman-Problem-master/Main.java</file>
            <file>file:/E:/SEMESTER%207/OKH/FP/Ant-Colony-Optimization-for-the-Traveling-Salesman-Problem-master/Ants/TravelingSalesman.java</file>
        </group>
    </open-files>
</project-private>
